地域階層,地域コード,東京都26町丁目コード,区市町村名称,町・大字名,丁目・字名,地域名称,事業所数（事業所）,事業所数／法人（事業所）,事業所数／個人（事業所）,従業者数（人）,年間商品販売額（百万円）,売場面積（m2）,事業所数／従業者2人以下（事業所）,事業所数／従業者3～4人（事業所）,事業所数／従業者5～9人（事業所）,事業所数／従業者10～19人（事業所）,事業所数／従業者20～29人（事業所）,事業所数／従業者30～49人（事業所）,事業所数／従業者50～99人（事業所）,事業所数／従業者100人以上（事業所）
4,13112,1311200000,世田谷区,,,世田谷区,3715,2581,1134,28958,584424,378701,1494,776,680,481,146,68,51,19
5,13112,1311202400,世田谷区,世田谷区赤堤,,世田谷区赤堤,65,37,28,335,3719,4186,32,10,12,9,2,-,-,-
6,13112,1311202401,世田谷区,世田谷区赤堤,1丁目,世田谷区赤堤1丁目,5,3,2,13,164,115,3,1,1,-,-,-,-,-
6,13112,1311202402,世田谷区,世田谷区赤堤,2丁目,世田谷区赤堤2丁目,5,4,1,17,530,470,2,2,1,-,-,-,-,-
6,13112,1311202403,世田谷区,世田谷区赤堤,3丁目,世田谷区赤堤3丁目,8,4,4,77,884,978,3,2,-,1,2,-,-,-
6,13112,1311202404,世田谷区,世田谷区赤堤,4丁目,世田谷区赤堤4丁目,30,17,13,133,1448,1918,15,4,8,3,-,-,-,-
6,13112,1311202405,世田谷区,世田谷区赤堤,5丁目,世田谷区赤堤5丁目,17,9,8,95,693,705,9,1,2,5,-,-,-,-
5,13112,1311200100,世田谷区,世田谷区池尻,,世田谷区池尻,54,34,20,464,9408,4718,23,10,7,10,1,1,2,-
6,13112,1311200101,世田谷区,世田谷区池尻,1丁目,世田谷区池尻1丁目,1,1,-,5,X,X,-,-,1,-,-,-,-,-
6,13112,1311200102,世田谷区,世田谷区池尻,2丁目,世田谷区池尻2丁目,22,12,10,110,1349,879,11,6,2,2,1,-,-,-
6,13112,1311200103,世田谷区,世田谷区池尻,3丁目,世田谷区池尻3丁目,22,16,6,305,7543,3414,8,3,2,6,-,1,2,-
6,13112,1311200104,世田谷区,世田谷区池尻,4丁目,世田谷区池尻4丁目,9,5,4,44,X,X,4,1,2,2,-,-,-,-
5,13112,1311204900,世田谷区,世田谷区宇奈根,,世田谷区宇奈根,9,3,6,27,111,135,7,1,-,1,-,-,-,-
6,13112,1311204901,世田谷区,世田谷区宇奈根,1丁目,世田谷区宇奈根1丁目,4,-,4,5,X,95,4,-,-,-,-,-,-,-
6,13112,1311204902,世田谷区,世田谷区宇奈根,2丁目,世田谷区宇奈根2丁目,4,3,1,19,61,40,3,-,-,1,-,-,-,-
6,13112,1311204903,世田谷区,世田谷区宇奈根,3丁目,世田谷区宇奈根3丁目,1,-,1,3,X,-,-,1,-,-,-,-,-,-
5,13112,1311201700,世田谷区,世田谷区梅丘,,世田谷区梅丘,51,34,17,446,6064,3972,21,16,6,4,1,-,3,-
6,13112,1311201701,世田谷区,世田谷区梅丘,1丁目,世田谷区梅丘1丁目,45,31,14,437,5679,3801,16,15,6,4,1,-,3,-
6,13112,1311201702,世田谷区,世田谷区梅丘,2丁目,世田谷区梅丘2丁目,5,2,3,8,X,171,4,1,-,-,-,-,-,-
6,13112,1311201703,世田谷区,世田谷区梅丘,3丁目,世田谷区梅丘3丁目,1,1,-,1,X,-,1,-,-,-,-,-,-,-
5,13112,1311205200,世田谷区,世田谷区大蔵,,世田谷区大蔵,11,9,2,78,1081,1403,2,4,2,3,-,-,-,-
6,13112,1311205201,世田谷区,世田谷区大蔵,1丁目,世田谷区大蔵1丁目,4,4,-,39,457,699,-,2,-,2,-,-,-,-
6,13112,1311205202,世田谷区,世田谷区大蔵,2丁目,世田谷区大蔵2丁目,3,3,-,11,378,100,1,1,1,-,-,-,-,-
6,13112,1311205203,世田谷区,世田谷区大蔵,3丁目,世田谷区大蔵3丁目,-,-,-,-,-,-,-,-,-,-,-,-,-,-
6,13112,1311205204,世田谷区,世田谷区大蔵,4丁目,世田谷区大蔵4丁目,1,1,-,4,X,X,-,1,-,-,-,-,-,-
6,13112,1311205205,世田谷区,世田谷区大蔵,5丁目,世田谷区大蔵5丁目,1,-,1,2,X,X,1,-,-,-,-,-,-,-
6,13112,1311205206,世田谷区,世田谷区大蔵,6丁目,世田谷区大蔵6丁目,2,1,1,22,X,X,-,-,1,1,-,-,-,-
5,13112,1311202100,世田谷区,世田谷区大原,,世田谷区大原,44,24,20,346,7043,6396,20,4,11,7,-,-,1,1
6,13112,1311202101,世田谷区,世田谷区大原,1丁目,世田谷区大原1丁目,11,6,5,48,1968,2527,4,2,3,2,-,-,-,-
6,13112,1311202102,世田谷区,世田谷区大原,2丁目,世田谷区大原2丁目,33,18,15,298,5074,3869,16,2,8,5,-,-,1,1
5,13112,1311205100,世田谷区,世田谷区岡本,,世田谷区岡本,6,5,1,33,675,545,3,1,-,2,-,-,-,-
6,13112,1311205101,世田谷区,世田谷区岡本,1丁目,世田谷区岡本1丁目,1,1,-,10,X,X,-,-,-,1,-,-,-,-
6,13112,1311205102,世田谷区,世田谷区岡本,2丁目,世田谷区岡本2丁目,1,1,-,2,X,-,1,-,-,-,-,-,-,-
6,13112,1311205103,世田谷区,世田谷区岡本,3丁目,世田谷区岡本3丁目,4,3,1,21,X,X,2,1,-,1,-,-,-,-
5,13112,1311202700,世田谷区,世田谷区奥沢,,世田谷区奥沢,168,106,62,876,12406,11923,75,42,32,14,3,1,1,-
6,13112,1311202701,世田谷区,世田谷区奥沢,1丁目,世田谷区奥沢1丁目,4,2,2,15,150,98,1,2,1,-,-,-,-,-
6,13112,1311202702,世田谷区,世田谷区奥沢,2丁目,世田谷区奥沢2丁目,11,5,6,77,883,464,4,2,2,2,1,-,-,-
6,13112,1311202703,世田谷区,世田谷区奥沢,3丁目,世田谷区奥沢3丁目,32,17,15,134,1651,1880,17,8,5,1,-,1,-,-
6,13112,1311202704,世田谷区,世田谷区奥沢,4丁目,世田谷区奥沢4丁目,8,6,2,50,785,435,3,-,4,1,-,-,-,-
6,13112,1311202705,世田谷区,世田谷区奥沢,5丁目,世田谷区奥沢5丁目,50,43,7,328,4805,5390,16,16,13,2,2,-,1,-
6,13112,1311202706,世田谷区,世田谷区奥沢,6丁目,世田谷区奥沢6丁目,23,14,9,121,2721,1633,9,6,4,4,-,-,-,-
6,13112,1311202707,世田谷区,世田谷区奥沢,7丁目,世田谷区奥沢7丁目,17,7,10,49,387,649,14,2,-,1,-,-,-,-
6,13112,1311202708,世田谷区,世田谷区奥沢,8丁目,世田谷区奥沢8丁目,23,12,11,102,1024,1374,11,6,3,3,-,-,-,-
5,13112,1311203100,世田谷区,世田谷区尾山台,,世田谷区尾山台,37,30,7,212,5116,1695,18,7,6,3,2,1,-,-
6,13112,1311203101,世田谷区,世田谷区尾山台,1丁目,世田谷区尾山台1丁目,5,5,-,48,X,X,2,-,2,-,-,1,-,-
6,13112,1311203102,世田谷区,世田谷区尾山台,2丁目,世田谷区尾山台2丁目,2,2,-,7,X,X,-,2,-,-,-,-,-,-
6,13112,1311203103,世田谷区,世田谷区尾山台,3丁目,世田谷区尾山台3丁目,30,23,7,157,3680,1321,16,5,4,3,2,-,-,-
5,13112,1311205800,世田谷区,世田谷区粕谷,,世田谷区粕谷,22,7,15,143,3273,913,10,6,3,-,2,1,-,-
6,13112,1311205801,世田谷区,世田谷区粕谷,1丁目,世田谷区粕谷1丁目,4,3,1,87,1254,162,-,1,-,-,2,1,-,-
6,13112,1311205802,世田谷区,世田谷区粕谷,2丁目,世田谷区粕谷2丁目,-,-,-,-,-,-,-,-,-,-,-,-,-,-
6,13112,1311205803,世田谷区,世田谷区粕谷,3丁目,世田谷区粕谷3丁目,6,3,3,25,1717,465,2,2,2,-,-,-,-,-
6,13112,1311205804,世田谷区,世田谷区粕谷,4丁目,世田谷区粕谷4丁目,12,1,11,31,302,286,8,3,1,-,-,-,-,-
5,13112,1311205000,世田谷区,世田谷区鎌田,,世田谷区鎌田,21,13,8,128,2177,760,8,4,5,3,1,-,-,-
6,13112,1311205001,世田谷区,世田谷区鎌田,1丁目,世田谷区鎌田1丁目,3,1,2,22,237,67,2,-,-,1,-,-,-,-
6,13112,1311205002,世田谷区,世田谷区鎌田,2丁目,世田谷区鎌田2丁目,5,3,2,22,291,245,2,2,-,1,-,-,-,-
6,13112,1311205003,世田谷区,世田谷区鎌田,3丁目,世田谷区鎌田3丁目,6,6,-,54,1000,351,1,-,4,-,1,-,-,-
6,13112,1311205004,世田谷区,世田谷区鎌田,4丁目,世田谷区鎌田4丁目,7,3,4,30,648,97,3,2,1,1,-,-,-,-
5,13112,1311201400,世田谷区,世田谷区上馬,,世田谷区上馬,63,45,18,700,14023,9620,21,13,11,9,3,4,1,1
6,13112,1311201401,世田谷区,世田谷区上馬,1丁目,世田谷区上馬1丁目,13,8,5,153,1726,401,5,5,1,1,-,-,-,1
6,13112,1311201402,世田谷区,世田谷区上馬,2丁目,世田谷区上馬2丁目,7,5,2,98,2559,1856,1,1,2,1,1,1,-,-
6,13112,1311201403,世田谷区,世田谷区上馬,3丁目,世田谷区上馬3丁目,13,11,2,228,5076,5593,4,1,1,4,-,2,1,-
6,13112,1311201404,世田谷区,世田谷区上馬,4丁目,世田谷区上馬4丁目,20,13,7,181,3837,1043,5,5,5,2,2,1,-,-
6,13112,1311201405,世田谷区,世田谷区上馬,5丁目,世田谷区上馬5丁目,10,8,2,40,826,727,6,1,2,1,-,-,-,-
5,13112,1311205500,世田谷区,世田谷区上北沢,,世田谷区上北沢,60,43,17,477,15360,6960,22,14,10,10,2,1,1,-
6,13112,1311205501,世田谷区,世田谷区上北沢,1丁目,世田谷区上北沢1丁目,2,1,1,2,X,X,2,-,-,-,-,-,-,-
6,13112,1311205502,世田谷区,世田谷区上北沢,2丁目,世田谷区上北沢2丁目,-,-,-,-,-,-,-,-,-,-,-,-,-,-
6,13112,1311205503,世田谷区,世田谷区上北沢,3丁目,世田谷区上北沢3丁目,13,6,7,68,408,409,5,3,4,1,-,-,-,-
6,13112,1311205504,世田谷区,世田谷区上北沢,4丁目,世田谷区上北沢4丁目,39,30,9,267,7022,3273,15,10,4,8,1,1,-,-
6,13112,1311205505,世田谷区,世田谷区上北沢,5丁目,世田谷区上北沢5丁目,6,6,-,140,X,X,-,1,2,1,1,-,1,-
5,13112,1311205700,世田谷区,世田谷区上祖師谷,,世田谷区上祖師谷,22,17,5,365,5753,617,7,8,1,2,-,1,2,1
6,13112,1311205701,世田谷区,世田谷区上祖師谷,1丁目,世田谷区上祖師谷1丁目,3,3,-,7,210,46,1,2,-,-,-,-,-,-
6,13112,1311205702,世田谷区,世田谷区上祖師谷,2丁目,世田谷区上祖師谷2丁目,6,5,1,27,333,65,1,4,-,1,-,-,-,-
6,13112,1311205703,世田谷区,世田谷区上祖師谷,3丁目,世田谷区上祖師谷3丁目,2,2,-,18,X,X,-,-,1,1,-,-,-,-
6,13112,1311205704,世田谷区,世田谷区上祖師谷,4丁目,世田谷区上祖師谷4丁目,2,2,-,206,X,-,-,-,-,-,-,-,1,1
6,13112,1311205705,世田谷区,世田谷区上祖師谷,5丁目,世田谷区上祖師谷5丁目,7,4,3,102,1695,311,4,1,-,-,-,1,1,-
6,13112,1311205706,世田谷区,世田谷区上祖師谷,6丁目,世田谷区上祖師谷6丁目,-,-,-,-,-,-,-,-,-,-,-,-,-,-
6,13112,1311205707,世田谷区,世田谷区上祖師谷,7丁目,世田谷区上祖師谷7丁目,2,1,1,5,X,X,1,1,-,-,-,-,-,-
5,13112,1311203200,世田谷区,世田谷区上野毛,,世田谷区上野毛,57,41,16,410,10573,4426,23,11,15,4,1,2,1,-
6,13112,1311203201,世田谷区,世田谷区上野毛,1丁目,世田谷区上野毛1丁目,41,31,10,216,4202,2639,16,8,12,4,1,-,-,-
6,13112,1311203202,世田谷区,世田谷区上野毛,2丁目,世田谷区上野毛2丁目,6,4,2,104,2158,1645,2,1,2,-,-,-,1,-
6,13112,1311203203,世田谷区,世田谷区上野毛,3丁目,世田谷区上野毛3丁目,-,-,-,-,-,-,-,-,-,-,-,-,-,-
6,13112,1311203204,世田谷区,世田谷区上野毛,4丁目,世田谷区上野毛4丁目,10,6,4,90,4213,142,5,2,1,-,-,2,-,-
5,13112,1311203500,世田谷区,世田谷区上用賀,,世田谷区上用賀,28,20,8,250,7807,2199,10,3,6,6,1,2,-,-
6,13112,1311203501,世田谷区,世田谷区上用賀,1丁目,世田谷区上用賀1丁目,3,1,2,46,351,325,1,-,-,1,1,-,-,-
6,13112,1311203502,世田谷区,世田谷区上用賀,2丁目,世田谷区上用賀2丁目,4,4,-,68,1296,1149,-,-,1,2,-,1,-,-
6,13112,1311203503,世田谷区,世田谷区上用賀,3丁目,世田谷区上用賀3丁目,3,2,1,6,X,X,2,1,-,-,-,-,-,-
6,13112,1311203504,世田谷区,世田谷区上用賀,4丁目,世田谷区上用賀4丁目,1,1,-,2,X,X,1,-,-,-,-,-,-,-
6,13112,1311203505,世田谷区,世田谷区上用賀,5丁目,世田谷区上用賀5丁目,8,4,4,56,3515,278,4,1,2,-,-,1,-,-
6,13112,1311203506,世田谷区,世田谷区上用賀,6丁目,世田谷区上用賀6丁目,9,8,1,72,2519,279,2,1,3,3,-,-,-,-
5,13112,1311206100,世田谷区,世田谷区北烏山,,世田谷区北烏山,37,25,12,419,8312,2943,15,3,10,3,2,1,3,-
6,13112,1311206101,世田谷区,世田谷区北烏山,1丁目,世田谷区北烏山1丁目,6,4,2,26,215,48,5,-,-,1,-,-,-,-
6,13112,1311206102,世田谷区,世田谷区北烏山,2丁目,世田谷区北烏山2丁目,2,2,-,14,X,X,-,-,2,-,-,-,-,-
6,13112,1311206103,世田谷区,世田谷区北烏山,3丁目,世田谷区北烏山3丁目,4,1,3,31,253,230,3,-,-,-,1,-,-,-
6,13112,1311206104,世田谷区,世田谷区北烏山,4丁目,世田谷区北烏山4丁目,4,3,1,16,419,225,1,2,1,-,-,-,-,-
6,13112,1311206105,世田谷区,世田谷区北烏山,5丁目,世田谷区北烏山5丁目,2,2,-,42,X,X,-,-,-,1,1,-,-,-
6,13112,1311206106,世田谷区,世田谷区北烏山,6丁目,世田谷区北烏山6丁目,6,4,2,27,1333,96,3,-,3,-,-,-,-,-
6,13112,1311206107,世田谷区,世田谷区北烏山,7丁目,世田谷区北烏山7丁目,7,6,1,200,4477,1914,1,1,2,-,-,-,3,-
6,13112,1311206108,世田谷区,世田谷区北烏山,8丁目,世田谷区北烏山8丁目,4,3,1,45,436,166,1,-,2,-,-,1,-,-
6,13112,1311206109,世田谷区,世田谷区北烏山,9丁目,世田谷区北烏山9丁目,2,-,2,18,X,X,1,-,-,1,-,-,-,-
5,13112,1311202200,世田谷区,世田谷区北沢,,世田谷区北沢,231,173,58,1526,24628,22379,91,56,40,35,4,1,3,1
6,13112,1311202201,世田谷区,世田谷区北沢,1丁目,世田谷区北沢1丁目,3,2,1,20,129,210,2,-,-,1,-,-,-,-
6,13112,1311202202,世田谷区,世田谷区北沢,2丁目,世田谷区北沢2丁目,186,154,32,1301,22957,20247,67,45,38,29,2,1,3,1
6,13112,1311202203,世田谷区,世田谷区北沢,3丁目,世田谷区北沢3丁目,28,12,16,114,883,1190,14,9,2,2,1,-,-,-
6,13112,1311202204,世田谷区,世田谷区北沢,4丁目,世田谷区北沢4丁目,4,2,2,38,183,261,2,-,-,2,-,-,-,-
6,13112,1311202205,世田谷区,世田谷区北沢,5丁目,世田谷区北沢5丁目,10,3,7,53,475,471,6,2,-,1,1,-,-,-
5,13112,1311204800,世田谷区,世田谷区喜多見,,世田谷区喜多見,86,50,36,427,8221,6036,38,20,16,10,2,-,-,-
6,13112,1311204801,世田谷区,世田谷区喜多見,1丁目,世田谷区喜多見1丁目,1,1,-,2,X,X,1,-,-,-,-,-,-,-
6,13112,1311204802,世田谷区,世田谷区喜多見,2丁目,世田谷区喜多見2丁目,4,2,2,14,162,78,2,-,2,-,-,-,-,-
6,13112,1311204803,世田谷区,世田谷区喜多見,3丁目,世田谷区喜多見3丁目,8,6,2,63,1066,1307,4,1,1,1,1,-,-,-
6,13112,1311204804,世田谷区,世田谷区喜多見,4丁目,世田谷区喜多見4丁目,6,3,3,16,129,95,3,2,1,-,-,-,-,-
6,13112,1311204805,世田谷区,世田谷区喜多見,5丁目,世田谷区喜多見5丁目,12,7,5,60,1815,494,5,4,1,2,-,-,-,-
6,13112,1311204806,世田谷区,世田谷区喜多見,6丁目,世田谷区喜多見6丁目,3,1,2,4,X,X,3,-,-,-,-,-,-,-
6,13112,1311204807,世田谷区,世田谷区喜多見,7丁目,世田谷区喜多見7丁目,11,7,4,67,2061,512,2,4,3,2,-,-,-,-
6,13112,1311204808,世田谷区,世田谷区喜多見,8丁目,世田谷区喜多見8丁目,24,13,11,128,1722,2440,11,4,5,3,1,-,-,-
6,13112,1311204809,世田谷区,世田谷区喜多見,9丁目,世田谷区喜多見9丁目,17,10,7,73,1150,1062,7,5,3,2,-,-,-,-
5,13112,1311205300,世田谷区,世田谷区砧,,世田谷区砧,92,64,28,728,14157,11392,34,20,16,15,4,2,1,-
6,13112,1311205301,世田谷区,世田谷区砧,1丁目,世田谷区砧1丁目,13,12,1,141,3478,3274,2,-,6,4,-,1,-,-
6,13112,1311205302,世田谷区,世田谷区砧,2丁目,世田谷区砧2丁目,8,7,1,69,1982,1340,1,2,1,4,-,-,-,-
6,13112,1311205303,世田谷区,世田谷区砧,3丁目,世田谷区砧3丁目,12,10,2,132,3792,1159,4,2,1,3,1,1,-,-
6,13112,1311205304,世田谷区,世田谷区砧,4丁目,世田谷区砧4丁目,8,6,2,33,338,300,4,3,-,1,-,-,-,-
6,13112,1311205305,世田谷区,世田谷区砧,5丁目,世田谷区砧5丁目,11,5,6,43,653,683,6,3,1,1,-,-,-,-
6,13112,1311205306,世田谷区,世田谷区砧,6丁目,世田谷区砧6丁目,22,13,9,118,1485,2742,10,5,5,-,2,-,-,-
6,13112,1311205307,世田谷区,世田谷区砧,7丁目,世田谷区砧7丁目,-,-,-,-,-,-,-,-,-,-,-,-,-,-
6,13112,1311205308,世田谷区,世田谷区砧,8丁目,世田谷区砧8丁目,18,11,7,192,2428,1894,7,5,2,2,1,-,1,-
5,13112,1311205400,世田谷区,世田谷区砧公園,,世田谷区砧公園,-,-,-,-,-,-,-,-,-,-,-,-,-,-
5,13112,1311205900,世田谷区,世田谷区給田,,世田谷区給田,13,12,1,146,3144,1456,2,2,2,5,2,-,-,-
6,13112,1311205901,世田谷区,世田谷区給田,1丁目,世田谷区給田1丁目,-,-,-,-,-,-,-,-,-,-,-,-,-,-
6,13112,1311205902,世田谷区,世田谷区給田,2丁目,世田谷区給田2丁目,-,-,-,-,-,-,-,-,-,-,-,-,-,-
6,13112,1311205903,世田谷区,世田谷区給田,3丁目,世田谷区給田3丁目,10,9,1,98,1167,X,2,2,2,3,1,-,-,-
6,13112,1311205904,世田谷区,世田谷区給田,4丁目,世田谷区給田4丁目,2,2,-,28,X,-,-,-,-,2,-,-,-,-
6,13112,1311205905,世田谷区,世田谷区給田,5丁目,世田谷区給田5丁目,1,1,-,20,X,X,-,-,-,-,1,-,-,-
5,13112,1311200900,世田谷区,世田谷区経堂,,世田谷区経堂,120,82,38,1299,21879,18300,45,25,23,12,7,5,1,2
6,13112,1311200901,世田谷区,世田谷区経堂,1丁目,世田谷区経堂1丁目,33,22,11,202,3974,2391,12,7,7,5,1,1,-,-
6,13112,1311200902,世田谷区,世田谷区経堂,2丁目,世田谷区経堂2丁目,66,43,23,522,8777,5705,28,14,13,6,4,-,-,1
6,13112,1311200903,世田谷区,世田谷区経堂,3丁目,世田谷区経堂3丁目,3,2,1,91,545,370,1,-,-,-,-,2,-,-
6,13112,1311200904,世田谷区,世田谷区経堂,4丁目,世田谷区経堂4丁目,9,6,3,155,2512,2745,2,1,2,-,2,1,1,-
6,13112,1311200905,世田谷区,世田谷区経堂,5丁目,世田谷区経堂5丁目,9,9,-,329,6071,7089,2,3,1,1,-,1,-,1
5,13112,1311201500,世田谷区,世田谷区駒沢,,世田谷区駒沢,77,49,28,410,8075,4434,37,14,15,8,2,-,1,-
6,13112,1311201501,世田谷区,世田谷区駒沢,1丁目,世田谷区駒沢1丁目,15,12,3,80,1769,852,6,2,3,4,-,-,-,-
6,13112,1311201502,世田谷区,世田谷区駒沢,2丁目,世田谷区駒沢2丁目,18,11,7,85,1222,582,9,4,3,1,1,-,-,-
6,13112,1311201503,世田谷区,世田谷区駒沢,3丁目,世田谷区駒沢3丁目,14,7,7,51,505,721,8,2,3,1,-,-,-,-
6,13112,1311201504,世田谷区,世田谷区駒沢,4丁目,世田谷区駒沢4丁目,18,12,6,119,3232,1755,7,5,4,1,-,-,1,-
6,13112,1311201505,世田谷区,世田谷区駒沢,5丁目,世田谷区駒沢5丁目,12,7,5,75,1347,524,7,1,2,1,1,-,-,-
5,13112,1311204000,世田谷区,世田谷区駒沢公園,,世田谷区駒沢公園,-,-,-,-,-,-,-,-,-,-,-,-,-,-
5,13112,1311201800,世田谷区,世田谷区豪徳寺,,世田谷区豪徳寺,53,24,29,186,2644,2920,30,10,12,1,-,-,-,-
6,13112,1311201801,世田谷区,世田谷区豪徳寺,1丁目,世田谷区豪徳寺1丁目,48,23,25,172,2543,2797,27,9,11,1,-,-,-,-
6,13112,1311201802,世田谷区,世田谷区豪徳寺,2丁目,世田谷区豪徳寺2丁目,5,1,4,14,101,123,3,1,1,-,-,-,-,-
5,13112,1311200700,世田谷区,世田谷区桜,,世田谷区桜,20,12,8,168,5679,893,10,1,4,2,2,-,1,-
6,13112,1311200701,世田谷区,世田谷区桜,1丁目,世田谷区桜1丁目,1,-,1,2,X,X,1,-,-,-,-,-,-,-
6,13112,1311200702,世田谷区,世田谷区桜,2丁目,世田谷区桜2丁目,2,1,1,5,X,X,1,1,-,-,-,-,-,-
6,13112,1311200703,世田谷区,世田谷区桜,3丁目,世田谷区桜3丁目,17,11,6,161,5646,818,8,-,4,2,2,-,1,-
5,13112,1311201100,世田谷区,世田谷区桜丘,,世田谷区桜丘,67,41,26,603,14554,5090,31,15,7,8,2,3,-,1
6,13112,1311201101,世田谷区,世田谷区桜丘,1丁目,世田谷区桜丘1丁目,3,1,2,198,867,1343,1,1,-,-,-,-,-,1
6,13112,1311201102,世田谷区,世田谷区桜丘,2丁目,世田谷区桜丘2丁目,32,17,15,178,3962,1850,18,8,1,3,1,1,-,-
6,13112,1311201103,世田谷区,世田谷区桜丘,3丁目,世田谷区桜丘3丁目,10,7,3,71,1059,452,2,4,1,3,-,-,-,-
6,13112,1311201104,世田谷区,世田谷区桜丘,4丁目,世田谷区桜丘4丁目,7,6,1,105,7953,435,2,-,1,1,1,2,-,-
6,13112,1311201105,世田谷区,世田谷区桜丘,5丁目,世田谷区桜丘5丁目,15,10,5,51,713,1010,8,2,4,1,-,-,-,-
5,13112,1311204200,世田谷区,世田谷区桜新町,,世田谷区桜新町,54,43,11,412,9115,4066,16,13,10,12,1,1,1,-
6,13112,1311204201,世田谷区,世田谷区桜新町,1丁目,世田谷区桜新町1丁目,29,25,4,190,3861,2006,10,7,5,5,1,1,-,-
6,13112,1311204202,世田谷区,世田谷区桜新町,2丁目,世田谷区桜新町2丁目,25,18,7,222,5254,2060,6,6,5,7,-,-,1,-
5,13112,1311202500,世田谷区,世田谷区桜上水,,世田谷区桜上水,18,16,2,335,4195,3732,3,3,6,1,2,-,3,-
6,13112,1311202501,世田谷区,世田谷区桜上水,1丁目,世田谷区桜上水1丁目,2,2,-,7,X,X,1,-,1,-,-,-,-,-
6,13112,1311202502,世田谷区,世田谷区桜上水,2丁目,世田谷区桜上水2丁目,4,3,1,103,1399,1057,1,2,-,-,-,-,1,-
6,13112,1311202503,世田谷区,世田谷区桜上水,3丁目,世田谷区桜上水3丁目,1,1,-,5,X,X,-,-,1,-,-,-,-,-
6,13112,1311202504,世田谷区,世田谷区桜上水,4丁目,世田谷区桜上水4丁目,2,2,-,12,X,X,-,1,1,-,-,-,-,-
6,13112,1311202505,世田谷区,世田谷区桜上水,5丁目,世田谷区桜上水5丁目,9,8,1,208,2089,1683,1,-,3,1,2,-,2,-
5,13112,1311200400,世田谷区,世田谷区三軒茶屋,,世田谷区三軒茶屋,94,68,26,645,9563,8350,34,17,20,15,6,2,-,-
6,13112,1311200401,世田谷区,世田谷区三軒茶屋,1丁目,世田谷区三軒茶屋1丁目,43,28,15,292,3727,2909,14,6,12,7,4,-,-,-
6,13112,1311200402,世田谷区,世田谷区三軒茶屋,2丁目,世田谷区三軒茶屋2丁目,51,40,11,353,5836,5441,20,11,8,8,2,2,-,-
5,13112,1311201200,世田谷区,世田谷区下馬,,世田谷区下馬,67,42,25,306,3657,3428,43,9,3,9,2,1,-,-
6,13112,1311201201,世田谷区,世田谷区下馬,1丁目,世田谷区下馬1丁目,26,19,7,88,1088,1299,17,4,2,3,-,-,-,-
6,13112,1311201202,世田谷区,世田谷区下馬,2丁目,世田谷区下馬2丁目,7,5,2,54,698,562,4,1,-,1,-,1,-,-
6,13112,1311201203,世田谷区,世田谷区下馬,3丁目,世田谷区下馬3丁目,16,8,8,93,857,708,8,2,1,4,1,-,-,-
6,13112,1311201204,世田谷区,世田谷区下馬,4丁目,世田谷区下馬4丁目,6,4,2,29,426,221,4,1,-,1,-,-,-,-
6,13112,1311201205,世田谷区,世田谷区下馬,5丁目,世田谷区下馬5丁目,3,-,3,4,28,32,3,-,-,-,-,-,-,-
6,13112,1311201206,世田谷区,世田谷区下馬,6丁目,世田谷区下馬6丁目,9,6,3,38,559,606,7,1,-,-,1,-,-,-
5,13112,1311204100,世田谷区,世田谷区新町,,世田谷区新町,22,16,6,206,4663,2407,9,3,3,6,-,-,1,-
6,13112,1311204101,世田谷区,世田谷区新町,1丁目,世田谷区新町1丁目,-,-,-,-,-,-,-,-,-,-,-,-,-,-
6,13112,1311204102,世田谷区,世田谷区新町,2丁目,世田谷区新町2丁目,13,9,4,131,3404,1693,6,2,2,2,-,-,1,-
6,13112,1311204103,世田谷区,世田谷区新町,3丁目,世田谷区新町3丁目,9,7,2,75,1259,714,3,1,1,4,-,-,-,-
5,13112,1311204400,世田谷区,世田谷区成城,,世田谷区成城,122,104,18,1345,27604,19139,35,31,24,13,9,6,2,2
6,13112,1311204401,世田谷区,世田谷区成城,1丁目,世田谷区成城1丁目,5,4,1,74,4888,5476,1,1,1,-,1,1,-,-
6,13112,1311204402,世田谷区,世田谷区成城,2丁目,世田谷区成城2丁目,22,16,6,174,1636,1198,8,5,5,2,-,1,1,-
6,13112,1311204403,世田谷区,世田谷区成城,3丁目,世田谷区成城3丁目,6,6,-,147,4720,1350,1,1,1,2,-,-,-,1
6,13112,1311204404,世田谷区,世田谷区成城,4丁目,世田谷区成城4丁目,-,-,-,-,-,-,-,-,-,-,-,-,-,-
6,13112,1311204405,世田谷区,世田谷区成城,5丁目,世田谷区成城5丁目,4,3,1,16,72,462,2,1,1,-,-,-,-,-
6,13112,1311204406,世田谷区,世田谷区成城,6丁目,世田谷区成城6丁目,76,67,9,847,15527,9003,21,19,15,9,7,3,1,1
6,13112,1311204407,世田谷区,世田谷区成城,7丁目,世田谷区成城7丁目,4,3,1,39,401,536,1,2,-,-,1,-,-,-
6,13112,1311204408,世田谷区,世田谷区成城,8丁目,世田谷区成城8丁目,3,3,-,41,X,X,-,2,-,-,-,1,-,-
6,13112,1311204409,世田谷区,世田谷区成城,9丁目,世田谷区成城9丁目,2,2,-,7,X,X,1,-,1,-,-,-,-,-
5,13112,1311203800,世田谷区,世田谷区瀬田,,世田谷区瀬田,30,21,9,211,5301,2530,11,6,5,5,3,-,-,-
6,13112,1311203801,世田谷区,世田谷区瀬田,1丁目,世田谷区瀬田1丁目,4,4,-,21,290,493,1,-,2,1,-,-,-,-
6,13112,1311203802,世田谷区,世田谷区瀬田,2丁目,世田谷区瀬田2丁目,6,5,1,50,770,1145,1,2,1,1,1,-,-,-
6,13112,1311203803,世田谷区,世田谷区瀬田,3丁目,世田谷区瀬田3丁目,5,3,2,21,438,124,2,1,2,-,-,-,-,-
6,13112,1311203804,世田谷区,世田谷区瀬田,4丁目,世田谷区瀬田4丁目,11,6,5,87,2591,709,4,3,-,3,1,-,-,-
6,13112,1311203805,世田谷区,世田谷区瀬田,5丁目,世田谷区瀬田5丁目,4,3,1,32,1213,59,3,-,-,-,1,-,-,-
5,13112,1311200600,世田谷区,世田谷区世田谷,,世田谷区世田谷,107,59,48,549,9268,6906,62,22,14,4,2,1,2,-
6,13112,1311200601,世田谷区,世田谷区世田谷,1丁目,世田谷区世田谷1丁目,43,25,18,201,1615,2017,27,10,2,1,2,-,1,-
6,13112,1311200602,世田谷区,世田谷区世田谷,2丁目,世田谷区世田谷2丁目,21,10,11,179,5121,2003,16,1,-,2,-,1,1,-
6,13112,1311200603,世田谷区,世田谷区世田谷,3丁目,世田谷区世田谷3丁目,26,15,11,95,1492,1737,12,7,7,-,-,-,-,-
6,13112,1311200604,世田谷区,世田谷区世田谷,4丁目,世田谷区世田谷4丁目,17,9,8,74,1040,1149,7,4,5,1,-,-,-,-
5,13112,1311204500,世田谷区,世田谷区祖師谷,,世田谷区祖師谷,96,66,30,612,9630,7782,38,19,19,13,5,1,1,-
6,13112,1311204501,世田谷区,世田谷区祖師谷,1丁目,世田谷区祖師谷1丁目,26,15,11,110,1354,1373,13,5,5,3,-,-,-,-
6,13112,1311204502,世田谷区,世田谷区祖師谷,2丁目,世田谷区祖師谷2丁目,9,5,4,49,528,332,3,1,3,2,-,-,-,-
6,13112,1311204503,世田谷区,世田谷区祖師谷,3丁目,世田谷区祖師谷3丁目,41,35,6,346,6383,4995,14,7,9,5,4,1,1,-
6,13112,1311204504,世田谷区,世田谷区祖師谷,4丁目,世田谷区祖師谷4丁目,9,8,1,52,740,610,2,4,2,-,1,-,-,-
6,13112,1311204505,世田谷区,世田谷区祖師谷,5丁目,世田谷区祖師谷5丁目,9,2,7,38,X,X,5,2,-,2,-,-,-,-
6,13112,1311204506,世田谷区,世田谷区祖師谷,6丁目,世田谷区祖師谷6丁目,2,1,1,17,X,X,1,-,-,1,-,-,-,-
5,13112,1311200300,世田谷区,世田谷区太子堂,,世田谷区太子堂,132,96,36,1280,23218,19479,49,26,25,20,5,4,1,2
6,13112,1311200301,世田谷区,世田谷区太子堂,1丁目,世田谷区太子堂1丁目,8,8,-,140,2115,2524,2,1,2,1,1,-,1,-
6,13112,1311200302,世田谷区,世田谷区太子堂,2丁目,世田谷区太子堂2丁目,28,18,10,210,3254,1869,6,9,4,7,2,-,-,-
6,13112,1311200303,世田谷区,世田谷区太子堂,3丁目,世田谷区太子堂3丁目,13,9,4,71,1018,987,4,1,6,2,-,-,-,-
6,13112,1311200304,世田谷区,世田谷区太子堂,4丁目,世田谷区太子堂4丁目,60,51,9,797,16462,13609,21,11,11,9,2,4,-,2
6,13112,1311200305,世田谷区,世田谷区太子堂,5丁目,世田谷区太子堂5丁目,23,10,13,62,368,490,16,4,2,1,-,-,-,-
5,13112,1311203700,世田谷区,世田谷区玉川,,世田谷区玉川,342,326,16,3315,99931,67419,60,102,102,53,12,7,4,2
6,13112,1311203701,世田谷区,世田谷区玉川,1丁目,世田谷区玉川1丁目,4,3,1,18,359,177,1,1,2,-,-,-,-,-
6,13112,1311203702,世田谷区,世田谷区玉川,2丁目,世田谷区玉川2丁目,141,138,3,1236,28287,23565,25,42,42,21,5,2,3,1
6,13112,1311203703,世田谷区,世田谷区玉川,3丁目,世田谷区玉川3丁目,185,180,5,2003,70652,43347,28,55,58,31,6,5,1,1
6,13112,1311203704,世田谷区,世田谷区玉川,4丁目,世田谷区玉川4丁目,12,5,7,58,633,330,6,4,-,1,1,-,-,-
5,13112,1311203900,世田谷区,世田谷区玉川台,,世田谷区玉川台,17,12,5,235,3326,254,6,2,4,3,1,-,-,1
6,13112,1311203901,世田谷区,世田谷区玉川台,1丁目,世田谷区玉川台1丁目,10,9,1,205,2725,133,3,1,2,2,1,-,-,1
6,13112,1311203902,世田谷区,世田谷区玉川台,2丁目,世田谷区玉川台2丁目,7,3,4,30,601,121,3,1,2,1,-,-,-,-
5,13112,1311202800,世田谷区,世田谷区玉川田園調布,,世田谷区玉川田園調布,4,3,1,16,179,289,3,-,-,1,-,-,-,-
6,13112,1311202801,世田谷区,世田谷区玉川田園調布,1丁目,世田谷区玉川田園調布1丁目,-,-,-,-,-,-,-,-,-,-,-,-,-,-
6,13112,1311202802,世田谷区,世田谷区玉川田園調布,2丁目,世田谷区玉川田園調布2丁目,4,3,1,16,179,289,3,-,-,1,-,-,-,-
5,13112,1311202900,世田谷区,世田谷区玉堤,,世田谷区玉堤,14,10,4,57,1996,631,4,6,3,1,-,-,-,-
6,13112,1311202901,世田谷区,世田谷区玉堤,1丁目,世田谷区玉堤1丁目,10,7,3,45,1211,511,3,3,3,1,-,-,-,-
6,13112,1311202902,世田谷区,世田谷区玉堤,2丁目,世田谷区玉堤2丁目,4,3,1,12,785,120,1,3,-,-,-,-,-,-
5,13112,1311201900,世田谷区,世田谷区代沢,,世田谷区代沢,66,34,32,303,3762,2902,40,10,5,8,3,-,-,-
6,13112,1311201901,世田谷区,世田谷区代沢,1丁目,世田谷区代沢1丁目,2,-,2,3,X,X,2,-,-,-,-,-,-,-
6,13112,1311201902,世田谷区,世田谷区代沢,2丁目,世田谷区代沢2丁目,17,10,7,88,735,829,11,3,-,1,2,-,-,-
6,13112,1311201903,世田谷区,世田谷区代沢,3丁目,世田谷区代沢3丁目,3,2,1,18,X,X,1,1,-,1,-,-,-,-
6,13112,1311201904,世田谷区,世田谷区代沢,4丁目,世田谷区代沢4丁目,17,9,8,53,1213,443,11,3,1,2,-,-,-,-
6,13112,1311201905,世田谷区,世田谷区代沢,5丁目,世田谷区代沢5丁目,27,13,14,141,1507,1476,15,3,4,4,1,-,-,-
5,13112,1311201600,世田谷区,世田谷区代田,,世田谷区代田,45,29,16,302,4839,3058,17,11,8,6,2,-,1,-
6,13112,1311201601,世田谷区,世田谷区代田,1丁目,世田谷区代田1丁目,10,8,2,122,2830,1194,2,1,3,2,1,-,1,-
6,13112,1311201602,世田谷区,世田谷区代田,2丁目,世田谷区代田2丁目,5,3,2,28,326,306,3,1,-,1,-,-,-,-
6,13112,1311201603,世田谷区,世田谷区代田,3丁目,世田谷区代田3丁目,12,8,4,55,554,406,6,2,3,1,-,-,-,-
6,13112,1311201604,世田谷区,世田谷区代田,4丁目,世田谷区代田4丁目,5,2,3,45,540,393,1,2,-,1,1,-,-,-
6,13112,1311201605,世田谷区,世田谷区代田,5丁目,世田谷区代田5丁目,4,2,2,8,106,209,3,1,-,-,-,-,-,-
6,13112,1311201606,世田谷区,世田谷区代田,6丁目,世田谷区代田6丁目,9,6,3,44,482,550,2,4,2,1,-,-,-,-
5,13112,1311204600,世田谷区,世田谷区千歳台,,世田谷区千歳台,24,19,5,329,14392,4734,9,2,6,2,2,1,1,1
6,13112,1311204601,世田谷区,世田谷区千歳台,1丁目,世田谷区千歳台1丁目,2,2,-,71,X,-,-,-,-,1,-,-,1,-
6,13112,1311204602,世田谷区,世田谷区千歳台,2丁目,世田谷区千歳台2丁目,3,2,1,5,70,X,3,-,-,-,-,-,-,-
6,13112,1311204603,世田谷区,世田谷区千歳台,3丁目,世田谷区千歳台3丁目,8,7,1,189,5426,3343,3,-,2,-,1,1,-,1
6,13112,1311204604,世田谷区,世田谷区千歳台,4丁目,世田谷区千歳台4丁目,-,-,-,-,-,-,-,-,-,-,-,-,-,-
6,13112,1311204605,世田谷区,世田谷区千歳台,5丁目,世田谷区千歳台5丁目,9,7,2,56,1933,1191,2,2,3,1,1,-,-,-
6,13112,1311204606,世田谷区,世田谷区千歳台,6丁目,世田谷区千歳台6丁目,2,1,1,8,X,X,1,-,1,-,-,-,-,-
5,13112,1311200800,世田谷区,世田谷区弦巻,,世田谷区弦巻,41,23,18,310,4146,2549,16,5,6,12,2,-,-,-
6,13112,1311200801,世田谷区,世田谷区弦巻,1丁目,世田谷区弦巻1丁目,6,3,3,48,490,278,2,1,-,3,-,-,-,-
6,13112,1311200802,世田谷区,世田谷区弦巻,2丁目,世田谷区弦巻2丁目,7,5,2,43,670,336,2,1,3,1,-,-,-,-
6,13112,1311200803,世田谷区,世田谷区弦巻,3丁目,世田谷区弦巻3丁目,12,8,4,112,1676,538,5,-,1,5,1,-,-,-
6,13112,1311200804,世田谷区,世田谷区弦巻,4丁目,世田谷区弦巻4丁目,12,6,6,101,1284,1255,3,3,2,3,1,-,-,-
6,13112,1311200805,世田谷区,世田谷区弦巻,5丁目,世田谷区弦巻5丁目,4,1,3,6,26,142,4,-,-,-,-,-,-,-
5,13112,1311203000,世田谷区,世田谷区等々力,,世田谷区等々力,99,68,31,807,14614,8435,43,16,14,15,8,-,3,-
6,13112,1311203001,世田谷区,世田谷区等々力,1丁目,世田谷区等々力1丁目,2,2,-,28,X,X,-,-,1,-,1,-,-,-
6,13112,1311203002,世田谷区,世田谷区等々力,2丁目,世田谷区等々力2丁目,23,16,7,263,4033,2485,7,2,5,4,4,-,1,-
6,13112,1311203003,世田谷区,世田谷区等々力,3丁目,世田谷区等々力3丁目,28,18,10,202,3071,2438,13,7,4,2,1,-,1,-
6,13112,1311203004,世田谷区,世田谷区等々力,4丁目,世田谷区等々力4丁目,20,14,6,115,1316,717,10,4,-,5,1,-,-,-
6,13112,1311203005,世田谷区,世田谷区等々力,5丁目,世田谷区等々力5丁目,8,6,2,121,3643,1751,3,-,2,1,1,-,1,-
6,13112,1311203006,世田谷区,世田谷区等々力,6丁目,世田谷区等々力6丁目,10,5,5,51,1226,555,5,2,1,2,-,-,-,-
6,13112,1311203007,世田谷区,世田谷区等々力,7丁目,世田谷区等々力7丁目,5,4,1,24,910,118,2,1,1,1,-,-,-,-
6,13112,1311203008,世田谷区,世田谷区等々力,8丁目,世田谷区等々力8丁目,3,3,-,3,X,X,3,-,-,-,-,-,-,-
5,13112,1311203400,世田谷区,世田谷区中町,,世田谷区中町,41,26,15,278,4593,4192,23,7,5,4,-,1,1,-
6,13112,1311203401,世田谷区,世田谷区中町,1丁目,世田谷区中町1丁目,3,1,2,5,29,38,2,1,-,-,-,-,-,-
6,13112,1311203402,世田谷区,世田谷区中町,2丁目,世田谷区中町2丁目,9,8,1,77,1313,1270,3,2,2,1,-,1,-,-
6,13112,1311203403,世田谷区,世田谷区中町,3丁目,世田谷区中町3丁目,5,5,-,25,648,630,2,2,-,1,-,-,-,-
6,13112,1311203404,世田谷区,世田谷区中町,4丁目,世田谷区中町4丁目,10,6,4,32,298,649,7,1,1,1,-,-,-,-
6,13112,1311203405,世田谷区,世田谷区中町,5丁目,世田谷区中町5丁目,14,6,8,139,2305,1605,9,1,2,1,-,-,1,-
5,13112,1311203300,世田谷区,世田谷区野毛,,世田谷区野毛,5,1,4,13,310,136,3,2,-,-,-,-,-,-
6,13112,1311203301,世田谷区,世田谷区野毛,1丁目,世田谷区野毛1丁目,2,-,2,6,X,X,1,1,-,-,-,-,-,-
6,13112,1311203302,世田谷区,世田谷区野毛,2丁目,世田谷区野毛2丁目,1,-,1,2,X,X,1,-,-,-,-,-,-,-
6,13112,1311203303,世田谷区,世田谷区野毛,3丁目,世田谷区野毛3丁目,2,1,1,5,X,X,1,1,-,-,-,-,-,-
5,13112,1311201300,世田谷区,世田谷区野沢,,世田谷区野沢,35,28,7,334,6581,3874,16,3,5,6,3,1,1,-
6,13112,1311201301,世田谷区,世田谷区野沢,1丁目,世田谷区野沢1丁目,2,2,-,16,X,X,1,-,-,1,-,-,-,-
6,13112,1311201302,世田谷区,世田谷区野沢,2丁目,世田谷区野沢2丁目,9,5,4,37,436,345,7,1,-,-,1,-,-,-
6,13112,1311201303,世田谷区,世田谷区野沢,3丁目,世田谷区野沢3丁目,17,16,1,216,3895,2787,5,1,4,4,2,-,1,-
6,13112,1311201304,世田谷区,世田谷区野沢,4丁目,世田谷区野沢4丁目,7,5,2,65,X,X,3,1,1,1,-,1,-,-
5,13112,1311205600,世田谷区,世田谷区八幡山,,世田谷区八幡山,29,21,8,296,6500,4210,10,5,4,8,-,-,2,-
6,13112,1311205601,世田谷区,世田谷区八幡山,1丁目,世田谷区八幡山1丁目,6,5,1,87,1695,1314,2,-,2,1,-,-,1,-
6,13112,1311205602,世田谷区,世田谷区八幡山,2丁目,世田谷区八幡山2丁目,3,3,-,20,848,138,1,1,-,1,-,-,-,-
6,13112,1311205603,世田谷区,世田谷区八幡山,3丁目,世田谷区八幡山3丁目,20,13,7,189,3957,2758,7,4,2,6,-,-,1,-
5,13112,1311202000,世田谷区,世田谷区羽根木,,世田谷区羽根木,12,9,3,61,956,248,6,1,3,2,-,-,-,-
6,13112,1311202001,世田谷区,世田谷区羽根木,1丁目,世田谷区羽根木1丁目,5,4,1,38,648,61,2,-,1,2,-,-,-,-
6,13112,1311202002,世田谷区,世田谷区羽根木,2丁目,世田谷区羽根木2丁目,7,5,2,23,307,187,4,1,2,-,-,-,-,-
5,13112,1311202600,世田谷区,世田谷区東玉川,,世田谷区東玉川,13,8,5,68,830,581,6,3,2,1,1,-,-,-
6,13112,1311202601,世田谷区,世田谷区東玉川,1丁目,世田谷区東玉川1丁目,-,-,-,-,-,-,-,-,-,-,-,-,-,-
6,13112,1311202602,世田谷区,世田谷区東玉川,2丁目,世田谷区東玉川2丁目,13,8,5,68,830,581,6,3,2,1,1,-,-,-
5,13112,1311204300,世田谷区,世田谷区深沢,,世田谷区深沢,73,42,31,395,4388,5702,34,18,10,7,2,2,-,-
6,13112,1311204301,世田谷区,世田谷区深沢,1丁目,世田谷区深沢1丁目,6,6,-,63,1380,2146,2,2,-,1,-,1,-,-
6,13112,1311204302,世田谷区,世田谷区深沢,2丁目,世田谷区深沢2丁目,3,2,1,58,X,X,1,-,-,1,-,1,-,-
6,13112,1311204303,世田谷区,世田谷区深沢,3丁目,世田谷区深沢3丁目,15,7,8,48,516,880,8,5,1,1,-,-,-,-
6,13112,1311204304,世田谷区,世田谷区深沢,4丁目,世田谷区深沢4丁目,13,9,4,72,724,922,4,3,5,-,1,-,-,-
6,13112,1311204305,世田谷区,世田谷区深沢,5丁目,世田谷区深沢5丁目,26,10,16,107,1063,1039,15,4,3,4,-,-,-,-
6,13112,1311204306,世田谷区,世田谷区深沢,6丁目,世田谷区深沢6丁目,5,5,-,18,343,408,2,2,1,-,-,-,-,-
6,13112,1311204307,世田谷区,世田谷区深沢,7丁目,世田谷区深沢7丁目,4,2,2,9,133,135,2,2,-,-,-,-,-,-
6,13112,1311204308,世田谷区,世田谷区深沢,8丁目,世田谷区深沢8丁目,1,1,-,20,X,X,-,-,-,-,1,-,-,-
5,13112,1311204700,世田谷区,世田谷区船橋,,世田谷区船橋,90,53,37,624,10150,5943,43,13,16,9,6,2,1,-
6,13112,1311204701,世田谷区,世田谷区船橋,1丁目,世田谷区船橋1丁目,57,37,20,357,3978,3110,27,7,12,7,3,1,-,-
6,13112,1311204702,世田谷区,世田谷区船橋,2丁目,世田谷区船橋2丁目,2,1,1,8,X,X,-,1,1,-,-,-,-,-
6,13112,1311204703,世田谷区,世田谷区船橋,3丁目,世田谷区船橋3丁目,1,-,1,4,X,X,-,1,-,-,-,-,-,-
6,13112,1311204704,世田谷区,世田谷区船橋,4丁目,世田谷区船橋4丁目,6,3,3,56,742,1071,3,1,-,-,2,-,-,-
6,13112,1311204705,世田谷区,世田谷区船橋,5丁目,世田谷区船橋5丁目,11,3,8,25,214,307,8,2,1,-,-,-,-,-
6,13112,1311204706,世田谷区,世田谷区船橋,6丁目,世田谷区船橋6丁目,11,7,4,131,2693,1191,5,1,1,2,1,-,1,-
6,13112,1311204707,世田谷区,世田谷区船橋,7丁目,世田谷区船橋7丁目,2,2,-,43,X,X,-,-,1,-,-,1,-,-
5,13112,1311202300,世田谷区,世田谷区松原,,世田谷区松原,113,78,35,767,15382,10697,49,20,20,15,6,1,2,-
6,13112,1311202301,世田谷区,世田谷区松原,1丁目,世田谷区松原1丁目,17,10,7,92,1508,778,7,2,5,2,1,-,-,-
6,13112,1311202302,世田谷区,世田谷区松原,2丁目,世田谷区松原2丁目,29,22,7,169,2346,1904,13,4,6,4,2,-,-,-
6,13112,1311202303,世田谷区,世田谷区松原,3丁目,世田谷区松原3丁目,28,23,5,222,3895,3472,10,5,7,3,2,-,1,-
6,13112,1311202304,世田谷区,世田谷区松原,4丁目,世田谷区松原4丁目,2,2,-,75,X,X,1,-,-,-,-,-,1,-
6,13112,1311202305,世田谷区,世田谷区松原,5丁目,世田谷区松原5丁目,27,15,12,161,2757,2949,14,5,1,5,1,1,-,-
6,13112,1311202306,世田谷区,世田谷区松原,6丁目,世田谷区松原6丁目,10,6,4,48,X,X,4,4,1,1,-,-,-,-
5,13112,1311200200,世田谷区,世田谷区三宿,,世田谷区三宿,14,11,3,380,4259,524,4,3,1,3,2,-,-,1
6,13112,1311200201,世田谷区,世田谷区三宿,1丁目,世田谷区三宿1丁目,7,6,1,302,1944,309,1,2,1,2,-,-,-,1
6,13112,1311200202,世田谷区,世田谷区三宿,2丁目,世田谷区三宿2丁目,7,5,2,78,2315,215,3,1,-,1,2,-,-,-
5,13112,1311206000,世田谷区,世田谷区南烏山,,世田谷区南烏山,156,106,50,1103,18450,13247,60,38,33,14,6,4,-,1
6,13112,1311206001,世田谷区,世田谷区南烏山,1丁目,世田谷区南烏山1丁目,5,3,2,35,280,272,3,1,-,-,1,-,-,-
6,13112,1311206002,世田谷区,世田谷区南烏山,2丁目,世田谷区南烏山2丁目,3,2,1,13,427,363,-,2,1,-,-,-,-,-
6,13112,1311206003,世田谷区,世田谷区南烏山,3丁目,世田谷区南烏山3丁目,13,8,5,50,476,938,5,5,2,1,-,-,-,-
6,13112,1311206004,世田谷区,世田谷区南烏山,4丁目,世田谷区南烏山4丁目,37,23,14,339,6349,3668,12,8,8,2,4,3,-,-
6,13112,1311206005,世田谷区,世田谷区南烏山,5丁目,世田谷区南烏山5丁目,39,28,11,308,4786,3943,18,8,9,3,-,-,-,1
6,13112,1311206006,世田谷区,世田谷区南烏山,6丁目,世田谷区南烏山6丁目,59,42,17,358,6132,4063,22,14,13,8,1,1,-,-
5,13112,1311201000,世田谷区,世田谷区宮坂,,世田谷区宮坂,47,33,14,305,3346,5464,21,9,8,5,2,2,-,-
6,13112,1311201001,世田谷区,世田谷区宮坂,1丁目,世田谷区宮坂1丁目,7,5,2,16,281,196,5,2,-,-,-,-,-,-
6,13112,1311201002,世田谷区,世田谷区宮坂,2丁目,世田谷区宮坂2丁目,6,5,1,92,1452,2198,1,2,1,-,-,2,-,-
6,13112,1311201003,世田谷区,世田谷区宮坂,3丁目,世田谷区宮坂3丁目,34,23,11,197,1614,3070,15,5,7,5,2,-,-,-
5,13112,1311203600,世田谷区,世田谷区用賀,,世田谷区用賀,99,60,39,1049,28326,13153,44,17,17,11,4,3,1,2
6,13112,1311203601,世田谷区,世田谷区用賀,1丁目,世田谷区用賀1丁目,4,2,2,36,2655,210,1,1,1,-,1,-,-,-
6,13112,1311203602,世田谷区,世田谷区用賀,2丁目,世田谷区用賀2丁目,15,10,5,190,7949,3302,5,2,3,3,-,1,1,-
6,13112,1311203603,世田谷区,世田谷区用賀,3丁目,世田谷区用賀3丁目,18,10,8,58,840,790,11,4,2,1,-,-,-,-
6,13112,1311203604,世田谷区,世田谷区用賀,4丁目,世田谷区用賀4丁目,62,38,24,765,16882,8851,27,10,11,7,3,2,-,2
5,13112,1311200500,世田谷区,世田谷区若林,,世田谷区若林,80,50,30,508,11074,6329,42,14,7,11,3,2,1,-
6,13112,1311200501,世田谷区,世田谷区若林,1丁目,世田谷区若林1丁目,12,9,3,143,2921,349,6,1,2,1,-,1,1,-
6,13112,1311200502,世田谷区,世田谷区若林,2丁目,世田谷区若林2丁目,5,4,1,28,807,129,2,1,-,2,-,-,-,-
6,13112,1311200503,世田谷区,世田谷区若林,3丁目,世田谷区若林3丁目,16,9,7,122,2982,785,8,2,1,3,1,1,-,-
6,13112,1311200504,世田谷区,世田谷区若林,4丁目,世田谷区若林4丁目,34,21,13,170,2105,2715,19,5,4,4,2,-,-,-
6,13112,1311200505,世田谷区,世田谷区若林,5丁目,世田谷区若林5丁目,13,7,6,45,2259,2351,7,5,-,1,-,-,-,-
,,,,,,,,,,,,,,,,,,,,
平成26年商業統計調査報告（町丁目別集計）,,,,,,,,,,,,,,,,,,,,
第1－2表　町丁目別　小売業事業所数(法人・個人別）、従業者数、年間商品販売額、売場面積及び従業者規模別事業所数,,,,,,,,,,,,,,,,,,,,
地域階層（4:区市町村　5:町・大字　6:丁目・字）,,,,,,,,,,,,,,,,,,,,
